{"accuracy": [0.14606741070747375, 0.23595505952835083, 0.3595505654811859, 0.5146067142486572, 0.6247190833091736, 0.7280898690223694, 0.766292154788971, 0.8224719166755676, 0.8471910357475281, 0.8719100952148438, 0.8966292142868042, 0.9258427023887634, 0.9056179523468018, 0.9101123809814453, 0.9393258690834045, 0.934831440448761, 0.9213483333587646, 0.9483146071434021, 0.9528089761734009, 0.9460673928260803, 0.9393258690834045, 0.9528089761734009, 0.9595505595207214, 0.9550561904907227, 0.9595505595207214, 0.9595505595207214, 0.9528089761734009, 0.968539297580719, 0.9505618214607239, 0.9438202381134033, 0.9640449285507202, 0.9550561904907227, 0.968539297580719], "loss": [2.4657254219055176, 2.2307827472686768, 1.9759140014648438, 1.6038280725479126, 1.2482584714889526, 0.9330800771713257, 0.7486013770103455, 0.5809288024902344, 0.4913361072540283, 0.47304949164390564, 0.3428080379962921, 0.30644798278808594, 0.28979337215423584, 0.2495422512292862, 0.20979629456996918, 0.193251833319664, 0.22139118611812592, 0.16563156247138977, 0.16428770124912262, 0.17717505991458893, 0.17116929590702057, 0.16133657097816467, 0.12188275903463364, 0.13434994220733643, 0.12473330646753311, 0.12826894223690033, 0.13090473413467407, 0.10040877759456635, 0.11539141833782196, 0.12565040588378906, 0.09915893524885178, 0.10584515333175659, 0.10187289118766785], "val_accuracy": [0.15625, 0.28125, 0.7291666865348816, 0.8020833134651184, 0.84375, 0.84375, 0.84375, 0.90625, 0.9791666865348816, 0.9375, 0.9791666865348816, 0.9375, 0.96875, 0.9375, 0.9791666865348816, 0.9791666865348816, 0.9375, 0.9791666865348816, 0.9791666865348816, 0.9791666865348816, 0.9791666865348816, 0.9791666865348816, 0.96875, 0.9791666865348816, 0.9791666865348816, 0.96875, 0.9791666865348816, 0.9791666865348816, 0.9791666865348816, 0.96875, 0.9791666865348816, 0.96875, 0.96875], "val_loss": [2.3087382316589355, 2.066876173019409, 1.6428133249282837, 1.0967026948928833, 0.7220470309257507, 0.4432951509952545, 0.31594905257225037, 0.2541446387767792, 0.16238445043563843, 0.1542893350124359, 0.11837033182382584, 0.10461052507162094, 0.09127610921859741, 0.09083295613527298, 0.07246041297912598, 0.0668983981013298, 0.07761157304048538, 0.0655980110168457, 0.05850435793399811, 0.05527601018548012, 0.05938171222805977, 0.05397062003612518, 0.06331109255552292, 0.052717000246047974, 0.05442121624946594, 0.06027728691697121, 0.05474938079714775, 0.04747571423649788, 0.050320226699113846, 0.05976351723074913, 0.04938081279397011, 0.06066365912556648, 0.05470563843846321]}